UserId,ContinentId,RegionId,CountryId,CityId
1,5,13,53,103.0
2,4,12,46,93.0
3,1,2,7,15.0
4,5,14,55,107.0
5,3,9,37,
6,1,2,10,21.0
7,5,13,53,103.0
8,5,16,61,122.0
9,3,10,39,75.0
10,3,11,44,
11,5,15,59,117.0
12,5,13,52,100.0
13,5,14,54,104.0
14,6,18,65,131.0
15,2,6,26,53.0
16,1,1,1,2.0
17,3,11,44,88.0
18,1,4,19,38.0
19,6,18,65,130.0
20,1,2,10,21.0
21,2,7,29,58.0
22,1,2,10,22.0
23,4,12,45,89.0
24,2,6,25,49.0
25,2,7,30,59.0
26,1,2,7,
27,2,6,26,51.0
28,5,14,55,108.0
29,2,7,28,55.0
30,2,8,33,64.0
31,6,18,65,131.0
32,2,6,26,51.0
33,1,2,10,21.0
34,3,9,38,73.0
35,1,2,8,18.0
36,6,18,66,132.0
37,4,12,45,89.0
38,2,7,31,60.0
39,1,1,6,14.0
40,1,1,4,9.0
41,4,12,45,90.0
42,2,6,26,53.0
43,6,18,65,130.0
44,3,11,42,84.0
45,4,12,46,92.0
46,5,14,56,111.0
47,1,1,4,8.0
48,1,4,17,35.0
49,3,10,41,81.0
50,2,6,25,50.0
51,5,14,54,104.0
52,6,18,66,132.0
53,1,1,1,2.0
54,2,6,27,54.0
55,5,14,54,106.0
56,1,1,2,4.0
57,2,6,27,54.0
58,2,5,22,44.0
59,1,1,6,14.0
60,4,12,48,95.0
61,2,6,25,48.0
62,1,2,7,15.0
63,2,5,20,40.0
64,3,10,41,82.0
65,5,14,56,111.0
66,2,6,26,53.0
67,1,2,11,24.0
68,5,16,62,124.0
69,2,5,21,41.0
70,1,2,7,15.0
71,2,5,23,45.0
72,2,8,33,65.0
73,4,12,45,89.0
74,3,9,36,71.0
75,1,1,4,9.0
76,3,11,44,88.0
77,6,17,64,129.0
78,2,8,32,63.0
79,3,10,41,81.0
80,1,4,16,33.0
81,5,16,61,123.0
82,1,1,2,5.0
83,2,5,21,41.0
84,1,3,14,28.0
85,3,9,37,72.0
86,1,1,5,12.0
87,1,4,16,33.0
88,2,6,25,48.0
89,2,7,31,62.0
90,1,4,19,37.0
91,5,13,51,99.0
92,5,14,54,104.0
93,1,4,17,35.0
94,5,13,53,101.0
95,6,18,65,
96,1,1,1,1.0
97,1,1,2,5.0
98,5,13,53,103.0
99,1,3,13,27.0
100,1,2,7,15.0
101,4,12,45,
102,2,5,21,42.0
103,5,16,62,124.0
104,2,8,32,63.0
105,4,12,49,96.0
106,2,6,26,52.0
107,4,12,49,96.0
108,6,18,66,132.0
109,1,3,14,29.0
110,1,4,18,36.0
111,1,1,6,13.0
112,3,9,36,71.0
113,3,11,43,86.0
114,1,3,14,28.0
115,2,8,33,66.0
116,2,5,23,45.0
117,2,7,31,62.0
118,1,3,14,28.0
119,1,3,14,28.0
120,5,14,55,108.0
121,2,5,22,44.0
122,3,11,42,84.0
123,1,3,15,30.0
124,3,10,39,75.0
125,6,17,64,128.0
126,4,12,46,92.0
127,6,17,64,129.0
128,5,16,61,121.0
129,1,3,13,27.0
130,5,16,61,121.0
131,5,15,59,116.0
132,1,1,2,3.0
133,5,13,53,103.0
134,2,7,31,62.0
135,2,6,26,51.0
136,2,7,30,59.0
137,5,15,59,118.0
138,4,12,49,96.0
139,5,15,57,113.0
140,2,7,31,62.0
141,2,6,26,52.0
142,1,1,5,12.0
143,2,5,20,39.0
144,6,18,65,130.0
145,6,18,65,131.0
146,5,15,57,113.0
147,5,13,53,101.0
148,5,15,57,113.0
149,3,10,41,81.0
150,5,15,57,113.0
151,1,1,1,2.0
152,6,18,65,130.0
153,2,6,27,54.0
154,3,11,44,87.0
155,6,17,64,129.0
156,6,17,63,126.0
157,6,18,65,130.0
158,2,6,26,53.0
159,2,8,35,68.0
160,5,16,61,123.0
161,1,4,19,38.0
162,1,2,11,24.0
163,2,8,35,69.0
164,5,15,59,116.0
165,5,13,50,98.0
166,4,12,49,97.0
167,5,16,62,124.0
168,3,9,36,70.0
169,4,12,46,93.0
170,1,1,2,3.0
171,4,12,45,90.0
172,4,12,49,96.0
173,2,6,26,52.0
174,6,17,64,128.0
175,2,5,20,39.0
176,3,10,41,82.0
177,5,14,54,104.0
178,6,17,64,129.0
179,1,1,5,11.0
180,2,5,21,42.0
181,5,13,51,99.0
182,1,1,3,7.0
183,4,12,45,90.0
184,5,15,57,112.0
185,2,7,31,60.0
186,5,15,57,113.0
187,1,1,1,2.0
188,6,17,64,129.0
189,2,6,25,48.0
190,1,4,19,37.0
191,1,1,4,9.0
192,5,13,51,99.0
193,2,6,25,48.0
194,6,18,65,131.0
195,2,6,27,54.0
196,5,16,60,120.0
197,5,15,59,116.0
198,3,10,39,75.0
199,5,15,57,113.0
200,5,14,54,104.0
201,3,11,42,84.0
202,5,15,57,112.0
203,5,13,51,99.0
204,4,12,46,93.0
205,6,17,64,128.0
206,5,14,56,110.0
207,3,10,41,82.0
208,2,6,27,54.0
209,2,8,35,68.0
210,1,4,16,33.0
211,1,2,10,21.0
212,2,6,25,48.0
213,6,17,64,128.0
214,6,17,64,128.0
215,1,4,16,33.0
216,5,15,58,115.0
217,5,16,60,119.0
218,1,2,10,22.0
219,1,4,19,38.0
220,5,14,55,109.0
221,2,6,26,51.0
222,1,1,4,8.0
223,1,3,13,27.0
224,1,3,13,27.0
225,1,2,10,21.0
226,1,3,15,30.0
227,4,12,49,97.0
228,1,3,14,28.0
229,5,14,56,111.0
230,2,7,31,61.0
231,2,6,25,48.0
232,1,1,2,4.0
233,1,4,17,35.0
234,2,6,25,49.0
235,1,2,8,17.0
236,2,6,24,46.0
237,5,15,59,117.0
238,1,1,3,6.0
239,5,13,51,99.0
240,5,16,62,124.0
241,1,4,19,37.0
242,1,2,11,24.0
243,4,12,46,93.0
244,2,6,24,46.0
245,4,12,48,95.0
246,5,13,51,99.0
247,5,15,59,116.0
248,2,8,34,67.0
249,6,17,64,128.0
250,1,2,8,18.0
251,1,3,12,25.0
252,2,6,27,54.0
253,2,7,29,58.0
254,2,8,34,67.0
255,5,14,54,104.0
256,1,2,11,24.0
257,5,15,57,114.0
258,1,3,15,32.0
259,3,11,43,86.0
260,6,17,64,127.0
261,6,18,65,130.0
262,1,2,8,17.0
263,5,14,54,104.0
264,2,5,21,43.0
265,2,5,20,39.0
266,1,3,12,26.0
267,5,13,51,99.0
268,2,6,25,50.0
269,1,1,6,13.0
270,2,7,31,60.0
271,2,7,29,57.0
272,1,4,18,36.0
273,1,2,9,20.0
274,2,8,33,65.0
275,1,1,4,8.0
276,5,15,58,115.0
277,4,12,46,92.0
278,5,13,50,98.0
279,2,8,33,66.0
280,1,3,15,32.0
281,3,11,43,86.0
282,2,6,26,51.0
283,2,8,32,63.0
284,6,17,63,125.0
285,2,7,29,58.0
286,2,7,29,58.0
287,3,11,43,86.0
288,2,6,25,49.0
289,3,9,36,70.0
290,1,2,7,15.0
291,2,6,27,54.0
292,5,13,53,101.0
293,1,1,4,8.0
294,2,6,26,53.0
295,2,7,31,60.0
296,5,14,55,108.0
297,1,1,2,5.0
298,5,13,53,103.0
299,1,1,3,6.0
300,5,14,55,109.0
301,5,15,59,116.0
302,4,12,47,94.0
303,2,6,24,47.0
304,5,13,51,99.0
305,2,7,28,55.0
306,2,6,26,52.0
307,1,1,6,13.0
308,5,15,57,114.0
309,5,16,62,124.0
310,5,14,54,106.0
311,5,16,60,120.0
312,2,8,32,63.0
313,1,2,9,19.0
314,4,12,46,92.0
315,2,7,29,58.0
316,4,12,45,90.0
317,5,15,59,117.0
318,2,7,31,62.0
319,1,2,11,23.0
320,6,17,64,127.0
321,6,17,64,129.0
322,2,7,29,58.0
323,5,16,61,122.0
324,1,1,1,1.0
325,1,4,17,34.0
326,4,12,49,96.0
327,6,17,63,126.0
328,5,15,59,118.0
329,2,6,25,48.0
330,4,12,45,
331,5,15,59,117.0
332,6,17,64,129.0
333,1,2,8,16.0
334,2,8,35,69.0
335,1,2,10,22.0
336,4,12,46,93.0
337,3,10,39,76.0
338,3,11,43,86.0
339,1,3,14,29.0
340,2,8,35,69.0
341,2,6,24,47.0
342,4,12,47,94.0
343,3,11,43,85.0
344,2,5,20,39.0
345,5,13,52,100.0
346,1,4,16,33.0
347,5,13,53,101.0
348,1,2,11,23.0
349,1,1,5,10.0
350,2,8,35,69.0
351,5,13,52,100.0
352,1,4,17,34.0
353,4,12,49,96.0
354,1,1,1,1.0
355,2,8,35,69.0
356,1,1,2,4.0
357,1,2,8,16.0
358,1,2,11,24.0
359,3,10,41,80.0
360,1,1,1,2.0
361,6,17,64,128.0
362,3,11,42,84.0
363,5,16,62,124.0
364,1,4,16,33.0
365,5,13,53,101.0
366,1,1,5,12.0
367,2,8,34,67.0
368,2,8,33,65.0
369,3,9,38,74.0
370,2,5,21,43.0
371,2,5,22,44.0
372,1,3,14,29.0
373,1,1,5,12.0
374,4,12,48,95.0
375,2,6,24,46.0
376,6,18,65,130.0
377,1,4,17,35.0
378,3,10,41,81.0
379,4,12,45,90.0
380,1,1,4,8.0
381,4,12,46,93.0
382,4,12,45,90.0
383,5,15,58,115.0
384,5,14,54,105.0
385,2,7,29,58.0
386,5,15,57,114.0
387,3,10,39,75.0
388,5,16,60,120.0
389,1,2,10,21.0
390,5,13,53,101.0
391,5,13,51,99.0
392,1,4,18,36.0
393,4,12,49,96.0
394,1,4,19,37.0
395,1,1,5,12.0
396,5,15,57,113.0
397,1,1,6,13.0
398,1,2,11,23.0
399,5,13,51,99.0
400,5,14,54,105.0
401,1,3,15,30.0
402,1,2,8,17.0
403,5,15,57,113.0
404,2,7,31,62.0
405,3,11,42,84.0
406,5,15,57,112.0
407,3,11,43,86.0
408,1,2,9,19.0
409,5,13,52,100.0
410,3,10,39,76.0
411,1,1,4,9.0
412,1,3,14,28.0
413,6,17,64,128.0
414,2,6,26,52.0
415,3,11,42,83.0
416,5,14,56,111.0
417,5,15,59,117.0
418,2,8,35,69.0
419,5,13,51,99.0
420,1,3,12,25.0
421,5,16,61,123.0
422,2,6,26,53.0
423,2,7,29,57.0
424,2,5,20,39.0
425,5,14,55,109.0
426,2,5,21,42.0
427,5,16,61,122.0
428,6,18,66,133.0
429,3,10,39,75.0
430,3,10,39,76.0
431,1,1,4,9.0
432,3,9,38,74.0
433,1,1,3,7.0
434,1,3,13,27.0
435,5,16,61,122.0
436,1,1,2,5.0
437,1,3,14,29.0
438,3,11,42,83.0
439,5,14,55,109.0
440,2,8,33,65.0
441,3,11,43,86.0
442,3,9,36,71.0
443,2,5,23,45.0
444,6,18,66,132.0
445,1,4,18,36.0
446,3,9,36,70.0
447,1,2,9,19.0
448,5,14,55,108.0
449,4,12,46,91.0
450,4,12,45,90.0
451,1,2,9,19.0
452,2,5,20,39.0
453,6,17,63,126.0
454,6,17,63,126.0
455,2,7,29,58.0
456,2,7,31,61.0
457,6,17,64,127.0
458,5,14,54,105.0
459,1,1,1,1.0
460,6,18,65,131.0
461,4,12,46,92.0
462,5,15,57,113.0
463,2,7,29,56.0
464,5,15,59,117.0
465,2,7,29,58.0
466,2,5,22,44.0
467,2,7,31,61.0
468,2,6,24,47.0
469,3,10,41,80.0
470,5,15,59,118.0
471,1,2,9,20.0
472,2,6,24,
473,2,6,25,49.0
474,1,1,6,14.0
475,1,1,1,1.0
476,5,15,59,117.0
477,2,6,27,54.0
478,5,15,59,118.0
479,1,1,2,3.0
480,1,1,5,12.0
481,3,9,38,74.0
482,1,2,8,16.0
483,5,13,53,102.0
484,5,15,59,117.0
485,1,1,4,8.0
486,5,16,61,122.0
487,4,12,46,92.0
488,4,12,45,90.0
489,2,7,31,60.0
490,1,3,14,28.0
491,5,13,53,101.0
492,2,5,21,41.0
493,2,6,24,46.0
494,1,4,17,35.0
495,3,10,41,82.0
496,5,15,58,115.0
497,2,6,24,47.0
498,1,1,5,10.0
499,2,7,29,56.0
500,1,3,15,30.0
501,5,14,55,109.0
502,1,1,2,5.0
503,5,16,60,119.0
504,1,4,16,33.0
505,5,15,59,118.0
506,2,8,33,65.0
507,1,1,5,11.0
508,3,11,43,85.0
509,1,3,12,26.0
510,2,8,32,63.0
511,3,11,43,86.0
512,2,7,30,59.0
513,1,3,13,27.0
514,5,13,50,98.0
515,5,14,54,105.0
516,5,13,51,99.0
517,6,17,64,129.0
518,2,7,28,55.0
519,1,1,3,6.0
520,4,12,48,95.0
521,6,18,66,133.0
522,5,13,53,102.0
523,1,1,2,3.0
524,1,2,11,23.0
525,2,6,26,53.0
526,3,11,42,83.0
527,3,11,43,85.0
528,3,10,40,78.0
529,5,14,56,110.0
530,1,1,1,1.0
531,2,6,26,51.0
532,1,1,2,4.0
533,5,15,57,113.0
534,1,3,15,32.0
535,1,4,17,34.0
536,4,12,46,92.0
537,4,12,48,95.0
538,3,9,37,72.0
539,2,5,20,39.0
540,5,15,59,118.0
541,1,1,2,3.0
542,5,16,61,123.0
543,2,6,25,50.0
544,1,1,5,12.0
545,2,6,27,54.0
546,6,18,66,133.0
547,2,7,29,57.0
548,5,15,57,112.0
549,2,6,24,47.0
550,3,11,43,85.0
551,2,8,33,66.0
552,3,10,39,75.0
553,5,13,53,103.0
554,1,4,19,38.0
555,2,6,25,50.0
556,5,13,50,98.0
557,3,10,41,82.0
558,1,3,15,30.0
559,3,10,40,79.0
560,4,12,46,91.0
561,2,6,26,52.0
562,3,10,40,79.0
563,1,3,15,30.0
564,5,14,54,106.0
565,2,6,26,51.0
566,3,10,41,81.0
567,6,18,66,133.0
568,1,3,14,29.0
569,6,18,66,132.0
570,3,9,38,74.0
571,1,2,8,17.0
572,3,11,42,84.0
573,2,8,35,69.0
574,1,4,17,34.0
575,1,1,3,6.0
576,2,6,26,53.0
577,6,17,63,126.0
578,2,5,21,43.0
579,5,15,58,115.0
580,5,14,56,111.0
581,3,10,41,80.0
582,4,12,48,95.0
583,5,15,59,118.0
584,1,1,4,8.0
585,6,18,66,132.0
586,5,14,54,104.0
587,6,18,66,132.0
588,1,3,12,25.0
589,4,12,49,96.0
590,4,12,46,93.0
591,2,7,31,61.0
592,5,16,61,122.0
593,2,6,26,51.0
594,1,2,10,21.0
595,1,1,2,5.0
596,4,12,46,92.0
597,2,7,31,61.0
598,1,2,10,22.0
599,3,9,36,70.0
600,1,1,1,1.0
601,6,18,66,133.0
602,1,1,5,12.0
603,4,12,45,90.0
604,2,6,24,46.0
605,1,4,17,34.0
606,3,10,40,78.0
607,2,5,23,45.0
608,3,9,38,73.0
609,1,3,12,26.0
610,2,6,24,47.0
611,5,16,61,121.0
612,2,7,29,56.0
613,4,12,47,94.0
614,5,14,55,107.0
615,2,8,32,63.0
616,2,6,25,48.0
617,2,7,31,61.0
618,3,10,41,81.0
619,1,3,12,26.0
620,1,4,18,36.0
621,1,1,1,1.0
622,1,1,4,8.0
623,5,15,57,113.0
624,5,13,51,99.0
625,2,6,24,47.0
626,6,17,64,127.0
627,2,7,29,56.0
628,1,1,6,14.0
629,1,3,14,28.0
630,3,10,40,78.0
631,6,18,65,130.0
632,5,14,55,109.0
633,1,1,6,14.0
634,2,7,29,56.0
635,5,15,58,115.0
636,1,1,3,7.0
637,1,1,2,3.0
638,5,14,56,111.0
639,5,14,55,107.0
640,1,2,8,18.0
641,1,4,19,38.0
642,5,15,58,115.0
643,1,2,7,15.0
644,5,16,60,119.0
645,1,3,14,28.0
646,2,5,20,39.0
647,1,2,8,17.0
648,3,11,43,86.0
649,6,17,63,126.0
650,2,5,22,44.0
651,1,3,12,25.0
652,1,1,6,13.0
653,1,3,12,25.0
654,2,8,35,68.0
655,2,8,34,67.0
656,5,14,55,109.0
657,5,14,56,111.0
658,5,14,56,111.0
659,1,4,17,34.0
660,5,14,56,111.0
661,1,1,4,8.0
662,5,15,57,113.0
663,3,11,42,83.0
664,2,5,21,42.0
665,5,13,53,101.0
666,1,1,3,6.0
667,1,3,12,26.0
668,2,8,33,64.0
669,2,7,30,59.0
670,5,14,55,109.0
671,5,16,61,121.0
672,1,4,16,33.0
673,1,2,10,21.0
674,3,9,36,70.0
675,5,15,57,112.0
676,1,1,2,4.0
677,4,12,47,94.0
678,3,10,39,75.0
679,2,7,31,62.0
680,4,12,47,94.0
681,4,12,48,95.0
682,2,7,28,55.0
683,6,18,65,131.0
684,1,3,15,31.0
685,2,5,20,40.0
686,1,4,18,36.0
687,1,1,3,6.0
688,2,8,33,66.0
689,3,10,39,75.0
690,1,1,2,4.0
691,3,10,40,79.0
692,5,15,59,118.0
693,5,15,57,113.0
694,4,12,47,94.0
695,2,7,31,62.0
696,3,10,40,79.0
697,1,3,12,26.0
698,2,5,22,44.0
699,6,18,66,133.0
700,3,9,36,70.0
701,5,15,59,118.0
702,2,8,35,68.0
703,1,2,9,19.0
704,1,2,9,20.0
705,5,15,57,113.0
706,2,6,24,47.0
707,1,1,1,1.0
708,4,12,45,90.0
709,2,8,33,64.0
710,1,4,19,38.0
711,1,4,19,37.0
712,6,17,63,126.0
713,5,13,52,100.0
714,3,10,40,77.0
715,1,1,2,3.0
716,1,1,5,10.0
717,1,1,2,5.0
718,6,18,65,130.0
719,1,1,6,13.0
720,6,18,65,130.0
721,3,11,42,84.0
722,2,8,33,65.0
723,2,8,32,63.0
724,5,13,53,101.0
725,3,9,38,73.0
726,1,2,8,17.0
727,1,1,4,9.0
728,1,4,19,38.0
729,4,12,47,94.0
730,4,12,48,95.0
731,2,6,25,49.0
732,2,8,35,69.0
733,2,7,31,62.0
734,3,10,40,78.0
735,5,15,59,117.0
736,5,16,60,120.0
737,3,10,39,76.0
738,1,4,17,35.0
739,1,1,1,1.0
740,2,5,20,40.0
741,2,8,33,64.0
742,2,7,31,60.0
743,2,8,33,64.0
744,4,12,46,93.0
745,3,9,37,72.0
746,1,1,5,11.0
747,5,14,54,105.0
748,1,1,6,14.0
749,2,7,31,60.0
750,1,3,15,30.0
751,1,4,17,35.0
752,1,1,2,5.0
753,3,11,42,83.0
754,5,16,61,123.0
755,3,10,40,78.0
756,2,7,31,62.0
757,6,18,66,132.0
758,4,12,45,89.0
759,2,5,21,42.0
760,4,12,45,89.0
761,2,5,20,40.0
762,3,9,37,72.0
763,2,5,20,39.0
764,5,14,54,104.0
765,1,1,6,14.0
766,1,3,15,32.0
767,6,17,63,125.0
768,4,12,49,97.0
769,1,2,11,23.0
770,2,8,32,63.0
771,2,6,26,53.0
772,5,14,54,104.0
773,5,14,54,104.0
774,2,5,20,39.0
775,2,8,34,67.0
776,2,5,21,42.0
777,1,2,7,15.0
778,5,14,56,111.0
779,1,4,16,33.0
780,1,4,19,38.0
781,4,12,49,97.0
782,1,4,16,33.0
783,3,11,43,86.0
784,2,8,33,66.0
785,1,1,5,10.0
786,1,1,2,5.0
787,5,16,61,123.0
788,3,9,38,74.0
789,4,12,49,97.0
790,5,15,59,118.0
791,1,4,19,38.0
792,2,6,24,47.0
793,5,14,55,109.0
794,1,2,7,15.0
795,1,1,2,5.0
796,2,6,24,47.0
797,2,8,35,68.0
798,3,10,39,76.0
799,6,18,65,130.0
800,4,12,48,95.0
801,5,15,58,115.0
802,1,4,18,36.0
803,1,3,12,26.0
804,2,5,21,43.0
805,1,3,13,27.0
806,2,8,35,69.0
807,1,1,5,11.0
808,3,9,38,74.0
809,5,14,54,104.0
810,1,4,19,38.0
811,1,2,11,23.0
812,2,6,24,47.0
813,4,12,45,90.0
814,2,6,24,46.0
815,5,14,55,107.0
816,5,14,54,104.0
817,5,14,56,111.0
818,5,14,54,104.0
819,2,7,31,60.0
820,5,13,52,100.0
821,2,8,35,68.0
822,6,18,66,133.0
823,5,16,60,120.0
824,1,4,19,37.0
825,3,9,37,72.0
826,6,17,64,127.0
827,5,14,54,106.0
828,4,12,46,92.0
829,1,3,15,31.0
830,5,16,61,122.0
831,2,6,26,51.0
832,1,3,14,29.0
833,2,5,20,40.0
834,2,5,21,41.0
835,1,1,5,11.0
836,1,1,1,1.0
837,2,6,24,46.0
838,5,13,53,101.0
839,4,12,45,90.0
840,5,14,56,110.0
841,2,7,29,57.0
842,1,1,1,1.0
843,2,8,32,63.0
844,2,7,28,55.0
845,5,15,58,115.0
846,2,6,26,53.0
847,2,7,29,57.0
848,5,15,59,117.0
849,1,4,17,35.0
850,2,8,32,63.0
851,1,3,12,25.0
852,4,12,45,90.0
853,3,10,39,75.0
854,1,4,19,
855,6,18,65,130.0
856,4,12,46,91.0
857,1,2,8,17.0
858,6,17,64,128.0
859,5,14,55,108.0
860,1,3,12,25.0
861,3,11,44,88.0
862,1,3,14,29.0
863,2,8,32,63.0
864,5,15,57,114.0
865,2,6,25,49.0
866,3,10,41,81.0
867,3,11,42,84.0
868,5,14,54,105.0
869,5,15,59,118.0
870,3,11,43,86.0
871,2,8,32,63.0
872,5,14,54,104.0
873,2,6,25,49.0
874,3,9,36,71.0
875,1,1,1,1.0
876,5,16,61,123.0
877,2,7,31,62.0
878,1,3,15,32.0
879,1,3,14,29.0
880,2,6,25,49.0
881,1,3,15,30.0
882,1,2,9,19.0
883,1,2,8,18.0
884,1,1,1,1.0
885,3,10,40,78.0
886,5,15,58,115.0
887,5,15,57,113.0
888,5,15,57,114.0
889,2,8,32,63.0
890,6,18,66,132.0
891,6,17,64,129.0
892,1,1,4,8.0
893,2,7,28,55.0
894,5,13,53,103.0
895,6,18,65,131.0
896,1,3,15,32.0
897,1,1,5,10.0
898,5,14,56,110.0
899,5,16,62,124.0
900,3,11,44,87.0
901,2,7,28,55.0
902,1,3,15,32.0
903,4,12,46,93.0
904,1,1,4,8.0
905,2,8,33,65.0
906,2,7,29,57.0
907,2,8,34,67.0
908,3,9,37,72.0
909,2,6,27,54.0
910,2,8,34,67.0
911,2,6,26,51.0
912,4,12,49,97.0
913,4,12,46,92.0
914,1,1,4,8.0
915,1,4,17,35.0
916,4,12,49,96.0
917,3,11,44,88.0
918,3,10,40,78.0
919,1,3,15,32.0
920,5,16,60,120.0
921,2,6,24,46.0
922,2,7,28,55.0
923,1,1,3,7.0
924,3,9,38,74.0
925,1,1,3,7.0
926,3,11,43,85.0
927,5,15,57,112.0
928,6,17,63,125.0
929,1,4,18,36.0
930,1,3,14,29.0
931,3,10,41,82.0
932,1,1,1,2.0
933,6,17,64,129.0
934,2,6,24,47.0
935,1,1,5,11.0
936,6,18,65,130.0
937,5,16,60,119.0
938,1,2,9,20.0
939,1,1,2,5.0
940,1,4,19,37.0
941,2,6,26,53.0
942,5,13,51,99.0
943,3,11,43,86.0
944,5,14,55,
945,1,2,11,24.0
946,3,10,41,81.0
947,5,16,60,120.0
948,2,7,30,59.0
949,6,17,64,128.0
950,5,15,57,114.0
951,5,15,58,115.0
952,1,1,6,14.0
953,1,1,4,9.0
954,2,5,20,40.0
955,1,3,12,25.0
956,5,13,53,103.0
957,1,2,10,22.0
958,1,1,2,4.0
959,1,3,14,29.0
960,5,14,55,109.0
961,5,13,50,98.0
962,1,4,19,37.0
963,3,10,39,75.0
964,3,9,36,70.0
965,6,17,64,128.0
966,3,11,43,85.0
967,2,5,21,42.0
968,5,13,52,100.0
969,2,5,21,41.0
970,1,4,17,34.0
971,1,2,8,17.0
972,5,16,61,122.0
973,3,10,39,76.0
974,3,11,44,87.0
975,5,15,59,117.0
976,5,14,54,106.0
977,3,11,43,86.0
978,1,3,13,27.0
979,2,7,29,57.0
980,1,3,15,31.0
981,5,13,50,98.0
982,1,1,5,12.0
983,2,6,26,53.0
984,5,16,61,122.0
985,2,6,24,46.0
986,2,8,33,64.0
987,6,18,65,
988,2,6,27,54.0
989,5,14,55,107.0
990,2,6,26,
991,1,4,18,36.0
992,5,15,58,115.0
993,1,3,12,26.0
994,1,3,14,29.0
995,1,1,5,11.0
996,2,5,20,40.0
997,1,1,5,11.0
998,5,15,57,113.0
999,2,5,20,39.0
1000,2,6,27,54.0
1001,5,13,50,98.0
1002,2,7,28,55.0
1003,5,14,56,111.0
1004,2,8,35,69.0
1005,2,7,29,56.0
1006,1,4,16,33.0
1007,1,4,18,36.0
1008,3,10,41,81.0
1009,5,14,55,109.0
1010,3,9,38,73.0
1011,2,5,20,40.0
1012,1,2,8,17.0
1013,6,17,64,129.0
1014,2,7,31,61.0
1015,5,14,54,104.0
1016,2,5,21,42.0
1017,1,3,12,25.0
1018,2,5,20,39.0
1019,1,4,17,35.0
1020,6,18,65,131.0
1021,5,14,55,108.0
1022,5,13,53,102.0
1023,5,13,50,98.0
1024,1,1,5,12.0
1025,1,2,9,19.0
1026,5,13,53,101.0
1027,2,5,22,44.0
1028,2,6,25,49.0
1029,1,2,8,17.0
1030,3,9,38,74.0
1031,2,7,29,57.0
1032,2,7,28,55.0
1033,2,6,24,47.0
1034,1,1,5,12.0
1035,2,7,31,62.0
1036,3,10,41,80.0
1037,3,11,42,83.0
1038,1,1,4,8.0
1039,3,10,41,81.0
1040,5,15,59,118.0
1041,1,3,12,25.0
1042,4,12,45,89.0
1043,1,1,5,12.0
1044,2,7,30,59.0
1045,5,14,55,109.0
1046,1,3,12,26.0
1047,2,6,24,47.0
1048,1,3,15,32.0
1049,1,1,5,10.0
1050,1,2,8,16.0
1051,1,3,12,26.0
1052,3,11,43,86.0
1053,1,1,6,14.0
1054,3,10,40,79.0
1055,5,15,59,117.0
1056,1,1,3,7.0
1057,5,15,58,115.0
1058,3,9,37,72.0
1059,2,7,30,59.0
1060,3,10,41,82.0
1061,5,15,59,116.0
1062,5,13,53,103.0
1063,1,2,8,17.0
1064,1,1,6,14.0
1065,5,14,55,108.0
1066,2,5,23,45.0
1067,5,13,50,98.0
1068,6,18,65,131.0
1069,1,4,19,37.0
1070,5,14,55,108.0
1071,2,5,20,39.0
1072,1,2,7,15.0
1073,5,16,60,120.0
1074,1,1,2,4.0
1075,4,12,46,93.0
1076,1,2,8,16.0
1077,5,14,55,108.0
1078,6,17,63,126.0
1079,2,7,28,55.0
1080,1,4,17,
1081,1,1,6,13.0
1082,1,2,8,18.0
1083,4,12,49,96.0
1084,5,16,61,123.0
1085,2,5,20,39.0
1086,2,6,24,46.0
1087,1,3,14,29.0
1088,2,7,31,62.0
1089,1,2,8,16.0
1090,5,16,61,121.0
1091,1,1,5,10.0
1092,5,13,53,103.0
1093,3,11,42,84.0
1094,6,18,66,133.0
1095,2,8,33,65.0
1096,1,1,2,3.0
1097,5,16,60,120.0
1098,2,8,35,68.0
1099,1,4,19,37.0
1100,3,9,38,73.0
1101,2,6,25,49.0
1102,5,16,61,121.0
1103,3,11,44,88.0
1104,1,4,19,37.0
1105,2,7,31,61.0
1106,5,16,62,124.0
1107,2,5,20,39.0
1108,2,8,32,63.0
1109,2,6,24,46.0
1110,3,11,44,88.0
1111,1,1,5,11.0
1112,2,7,31,62.0
1113,3,10,40,77.0
1114,2,6,26,52.0
1115,1,1,2,4.0
1116,2,7,30,59.0
1117,3,9,37,72.0
1118,4,12,46,93.0
1119,2,8,32,63.0
1120,2,6,27,54.0
1121,5,15,59,117.0
1122,5,14,56,110.0
1123,3,9,38,74.0
1124,5,14,55,107.0
1125,2,7,29,57.0
1126,1,1,2,3.0
1127,5,16,60,120.0
1128,1,1,3,6.0
1129,1,1,2,5.0
1130,1,1,2,5.0
1131,2,6,27,54.0
1132,2,6,24,47.0
1133,1,1,4,9.0
1134,5,13,51,99.0
1135,1,2,9,20.0
1136,5,16,61,122.0
1137,2,7,31,61.0
1138,5,16,61,123.0
1139,3,10,41,82.0
1140,2,7,31,62.0
1141,1,1,2,3.0
1142,1,1,6,13.0
1143,5,16,60,120.0
1144,6,17,63,125.0
1145,4,12,45,89.0
1146,3,9,38,73.0
1147,2,8,35,68.0
1148,5,13,53,101.0
1149,5,13,50,98.0
1150,1,1,5,11.0
1151,5,14,54,105.0
1152,2,8,34,67.0
1153,5,16,61,123.0
1154,1,3,14,29.0
1155,3,10,39,76.0
1156,1,1,4,9.0
1157,2,5,20,40.0
1158,1,3,12,25.0
1159,1,1,2,5.0
1160,5,16,62,124.0
1161,1,4,19,38.0
1162,3,9,37,72.0
1163,6,18,66,133.0
1164,4,12,45,90.0
1165,1,4,19,37.0
1166,2,7,31,60.0
1167,1,3,14,28.0
1168,3,10,41,81.0
1169,5,15,57,114.0
1170,2,5,20,40.0
1171,2,5,23,45.0
1172,2,7,31,62.0
1173,4,12,46,93.0
1174,5,15,58,115.0
1175,2,8,34,67.0
1176,2,7,29,
1177,2,5,20,40.0
1178,5,13,50,98.0
1179,2,5,20,40.0
1180,4,12,46,91.0
1181,1,4,16,33.0
1182,1,1,3,6.0
1183,3,10,41,80.0
1184,4,12,46,92.0
1185,4,12,49,97.0
1186,2,7,30,59.0
1187,2,7,30,59.0
1188,2,6,25,48.0
1189,1,1,6,13.0
1190,5,14,55,107.0
1191,2,5,23,45.0
1192,4,12,45,89.0
1193,5,13,52,100.0
1194,1,1,3,7.0
1195,6,18,66,133.0
1196,2,5,23,45.0
1197,2,7,29,58.0
1198,1,3,15,31.0
1199,1,2,11,23.0
1200,5,14,55,107.0
1201,2,5,20,39.0
1202,3,10,41,82.0
1203,5,13,52,100.0
1204,1,1,1,2.0
1205,3,10,40,77.0
1206,1,1,5,12.0
1207,2,5,20,39.0
1208,1,1,6,13.0
1209,2,6,24,46.0
1210,5,15,57,113.0
1211,1,2,8,17.0
1212,5,14,54,104.0
1213,5,13,50,98.0
1214,3,11,44,88.0
1215,5,14,55,109.0
1216,3,9,36,70.0
1217,3,9,38,74.0
1218,2,8,32,63.0
1219,2,7,31,60.0
1220,3,10,40,79.0
1221,1,4,19,37.0
1222,1,2,10,22.0
1223,4,12,49,96.0
1224,2,8,35,68.0
1225,1,2,8,
1226,1,1,5,12.0
1227,5,15,59,118.0
1228,1,2,10,22.0
1229,5,16,60,120.0
1230,2,6,25,50.0
1231,1,1,6,14.0
1232,1,3,14,29.0
1233,6,17,63,125.0
1234,1,1,3,7.0
1235,1,3,14,29.0
1236,1,4,16,33.0
1237,5,14,56,111.0
1238,3,10,40,79.0
1239,2,7,29,58.0
1240,1,3,12,26.0
1241,1,3,14,29.0
1242,1,1,2,4.0
1243,5,13,51,99.0
1244,2,5,20,39.0
1245,1,2,7,15.0
1246,5,16,60,119.0
1247,1,3,14,29.0
1248,3,10,39,75.0
1249,5,15,59,116.0
1250,1,3,15,32.0
1251,6,18,65,130.0
1252,3,11,42,84.0
1253,1,2,10,22.0
1254,1,3,13,27.0
1255,3,10,41,81.0
1256,6,17,63,126.0
1257,4,12,46,92.0
1258,1,2,10,21.0
1259,2,6,24,47.0
1260,5,13,53,101.0
1261,3,11,42,84.0
1262,1,1,3,6.0
1263,6,18,65,131.0
1264,1,1,1,1.0
1265,2,7,29,58.0
1266,5,16,62,124.0
1267,1,2,7,15.0
1268,2,8,33,64.0
1269,1,3,12,25.0
1270,1,2,11,24.0
1271,1,1,5,12.0
1272,1,2,8,18.0
1273,1,2,7,15.0
1274,1,3,13,27.0
1275,3,9,37,72.0
1276,2,7,31,60.0
1277,4,12,46,93.0
1278,2,6,26,53.0
1279,1,1,4,8.0
1280,3,10,40,79.0
1281,1,3,13,27.0
1282,2,6,25,50.0
1283,6,18,65,131.0
1284,4,12,46,93.0
1285,1,2,11,24.0
1286,2,7,31,60.0
1287,5,16,61,122.0
1288,6,18,65,131.0
1289,2,6,24,46.0
1290,1,2,7,15.0
1291,1,2,8,17.0
1292,6,17,63,126.0
1293,3,11,42,84.0
1294,1,1,4,9.0
1295,2,8,32,63.0
1296,5,15,59,117.0
1297,6,18,65,130.0
1298,3,11,44,88.0
1299,3,9,37,72.0
1300,2,8,33,64.0
1301,3,9,37,
1302,1,2,10,21.0
1303,1,2,8,18.0
1304,2,8,33,64.0
1305,3,10,41,82.0
1306,5,14,56,110.0
1307,4,12,48,95.0
1308,1,3,15,32.0
1309,1,1,5,11.0
1310,2,5,23,45.0
1311,1,4,16,33.0
1312,5,13,53,102.0
1313,1,1,5,11.0
1314,3,11,44,
1315,2,5,21,41.0
1316,3,10,39,76.0
1317,5,16,61,121.0
1318,2,6,24,46.0
1319,3,10,41,80.0
1320,2,6,27,54.0
1321,3,11,43,86.0
1322,4,12,46,92.0
1323,4,12,49,97.0
1324,1,1,1,2.0
1325,1,4,16,33.0
1326,3,10,40,77.0
1327,5,15,59,116.0
1328,5,13,53,103.0
1329,5,13,53,103.0
1330,4,12,45,90.0
1331,5,16,61,122.0
1332,5,14,54,106.0
1333,5,16,60,119.0
1334,2,6,25,49.0
1335,5,14,54,104.0
1336,2,7,31,61.0
1337,5,16,61,123.0
1338,1,1,4,9.0
1339,1,1,3,6.0
1340,3,9,38,73.0
1341,5,13,53,103.0
1342,2,5,21,41.0
1343,5,15,57,114.0
1344,1,1,4,8.0
1345,3,9,37,72.0
1346,4,12,46,92.0
1347,2,7,31,62.0
1348,3,11,42,84.0
1349,2,7,31,62.0
1350,5,14,56,111.0
1351,6,17,64,127.0
1352,1,1,3,7.0
1353,3,11,42,84.0
1354,6,18,66,132.0
1355,2,7,29,58.0
1356,1,2,10,22.0
1357,6,17,64,127.0
1358,1,1,2,3.0
1359,6,17,64,127.0
1360,2,5,21,41.0
1361,5,14,54,106.0
1362,1,1,6,14.0
1363,1,1,5,12.0
1364,3,11,44,87.0
1365,1,1,5,12.0
1366,1,3,12,25.0
1367,2,5,23,45.0
1368,5,16,61,122.0
1369,2,7,28,55.0
1370,5,13,52,100.0
1371,5,16,60,119.0
1372,2,6,26,53.0
1373,1,3,15,32.0
1374,2,6,26,51.0
1375,2,5,22,44.0
1376,3,10,41,82.0
1377,1,4,19,37.0
1378,4,12,49,96.0
1379,2,7,29,56.0
1380,5,14,54,105.0
1381,2,7,30,59.0
1382,6,18,65,131.0
1383,1,4,17,35.0
1384,4,12,46,93.0
1385,4,12,49,97.0
1386,3,10,39,76.0
1387,2,6,25,49.0
1388,4,12,47,94.0
1389,1,2,11,24.0
1390,1,4,19,37.0
1391,1,1,2,4.0
1392,5,14,55,108.0
1393,6,17,63,126.0
1394,1,2,9,20.0
1395,2,6,25,50.0
1396,4,12,49,96.0
1397,5,14,54,105.0
1398,5,15,59,117.0
1399,5,13,50,98.0
1400,2,8,33,66.0
1401,3,10,40,79.0
1402,1,1,3,6.0
1403,2,5,20,39.0
1404,5,15,58,115.0
1405,6,17,63,125.0
1406,1,1,5,12.0
1407,6,18,65,131.0
1408,1,2,8,18.0
1409,2,5,20,40.0
1410,1,2,10,21.0
1411,5,13,51,99.0
1412,1,3,12,26.0
1413,1,1,4,8.0
1414,5,13,52,100.0
1415,3,11,44,87.0
1416,2,5,21,42.0
1417,1,1,6,14.0
1418,3,10,40,78.0
1419,1,1,1,2.0
1420,5,16,60,119.0
1421,1,4,19,37.0
1422,2,8,35,69.0
1423,2,5,21,41.0
1424,2,7,31,62.0
1425,2,7,31,60.0
1426,6,17,63,125.0
1427,5,14,56,111.0
1428,1,1,6,14.0
1429,3,11,42,84.0
1430,6,18,65,130.0
1431,3,9,36,70.0
1432,5,16,61,123.0
1433,4,12,45,89.0
1434,1,3,14,28.0
1435,2,8,33,66.0
1436,1,1,2,5.0
1437,2,5,23,45.0
1438,2,6,24,47.0
1439,1,3,15,31.0
1440,1,1,5,10.0
1441,5,15,59,118.0
1442,1,1,6,14.0
1443,3,10,41,80.0
1444,4,12,46,93.0
1445,1,1,5,10.0
1446,3,10,39,76.0
1447,4,12,47,
1448,5,14,54,105.0
1449,1,1,1,1.0
1450,6,18,66,133.0
1451,1,2,9,20.0
1452,1,1,4,8.0
1453,1,1,1,1.0
1454,2,7,29,57.0
1455,2,8,33,64.0
1456,5,15,59,118.0
1457,1,3,14,28.0
1458,5,16,61,121.0
1459,5,14,55,107.0
1460,2,6,25,49.0
1461,5,16,60,120.0
1462,2,5,22,44.0
1463,2,7,29,56.0
1464,5,14,56,111.0
1465,5,14,55,108.0
1466,5,15,57,114.0
1467,3,10,40,78.0
1468,6,18,65,130.0
1469,1,4,19,37.0
1470,1,2,9,20.0
1471,1,3,12,26.0
1472,1,3,14,29.0
1473,1,1,1,1.0
1474,5,16,60,119.0
1475,1,4,17,35.0
1476,2,7,30,59.0
1477,2,8,35,69.0
1478,1,1,5,12.0
1479,1,2,9,20.0
1480,2,5,21,43.0
1481,6,17,63,126.0
1482,2,6,25,50.0
1483,1,3,14,29.0
1484,2,5,20,39.0
1485,1,4,19,38.0
1486,3,11,42,84.0
1487,6,17,64,128.0
1488,6,17,63,126.0
1489,2,5,23,45.0
1490,2,6,26,52.0
1491,3,10,41,80.0
1492,5,16,62,124.0
1493,5,16,60,119.0
1494,1,1,4,8.0
1495,3,11,43,85.0
1496,6,17,64,129.0
1497,1,1,4,8.0
1498,4,12,49,96.0
1499,5,13,53,102.0
1500,1,1,2,5.0
1501,3,11,43,86.0
1502,1,4,17,34.0
1503,2,7,28,55.0
1504,5,16,60,119.0
1505,5,15,57,114.0
1506,1,3,12,26.0
1507,2,6,24,47.0
1508,5,15,57,113.0
1509,3,10,39,76.0
1510,3,9,37,72.0
1511,4,12,45,89.0
1512,2,6,24,46.0
1513,1,4,16,33.0
1514,1,1,1,1.0
1515,1,3,15,31.0
1516,2,6,26,53.0
1517,2,6,25,48.0
1518,2,8,35,69.0
1519,5,14,54,105.0
1520,4,12,45,90.0
1521,2,8,32,63.0
1522,3,9,38,73.0
1523,4,12,45,89.0
1524,1,1,6,13.0
1525,3,9,38,73.0
1526,3,10,40,77.0
1527,2,8,35,68.0
1528,5,13,50,98.0
1529,6,17,63,125.0
1530,5,13,53,102.0
1531,6,18,66,132.0
1532,5,13,53,102.0
1533,1,2,9,19.0
1534,3,10,41,82.0
1535,1,2,11,23.0
1536,3,11,42,83.0
1537,5,14,55,109.0
1538,3,10,39,75.0
1539,6,17,64,129.0
1540,3,11,44,88.0
1541,2,6,27,54.0
1542,4,12,45,89.0
1543,2,8,33,65.0
1544,3,10,39,76.0
1545,2,7,31,60.0
1546,4,12,46,93.0
1547,2,6,25,49.0
1548,1,4,17,35.0
1549,5,13,53,102.0
1550,1,1,5,11.0
1551,5,13,51,99.0
1552,5,14,56,110.0
1553,3,9,38,74.0
1554,1,1,4,9.0
1555,1,1,2,3.0
1556,3,11,43,85.0
1557,1,3,12,26.0
1558,3,9,37,72.0
1559,2,6,25,48.0
1560,5,15,59,117.0
1561,1,1,5,12.0
1562,6,18,66,133.0
1563,2,6,25,48.0
1564,1,4,19,37.0
1565,2,5,22,44.0
1566,1,2,7,15.0
1567,2,5,21,43.0
1568,3,11,44,87.0
1569,3,9,36,70.0
1570,2,6,24,46.0
1571,5,14,55,108.0
1572,5,16,61,123.0
1573,1,2,10,21.0
1574,5,14,55,107.0
1575,3,10,41,80.0
1576,2,6,24,47.0
1577,5,15,59,117.0
1578,5,16,62,124.0
1579,1,3,12,25.0
1580,1,4,18,36.0
1581,2,6,26,51.0
1582,1,2,7,15.0
1583,2,8,35,68.0
1584,1,2,10,21.0
1585,1,2,9,19.0
1586,1,4,17,34.0
1587,3,10,40,78.0
1588,6,17,63,125.0
1589,5,15,59,117.0
1590,2,6,26,52.0
1591,1,3,13,
1592,1,4,17,35.0
1593,5,14,54,106.0
1594,1,1,1,2.0
1595,3,10,40,77.0
1596,6,18,66,132.0
1597,4,12,45,90.0
1598,4,12,45,89.0
1599,4,12,47,94.0
1600,1,1,3,7.0
1601,4,12,48,95.0
1602,5,14,55,108.0
1603,3,9,38,74.0
1604,2,5,20,39.0
1605,3,9,36,71.0
1606,2,7,29,56.0
1607,2,5,21,42.0
1608,1,4,18,36.0
1609,3,11,42,84.0
1610,5,15,59,118.0
1611,1,1,3,7.0
1612,2,6,27,54.0
1613,6,17,64,129.0
1614,5,16,60,120.0
1615,5,14,54,106.0
1616,2,6,24,47.0
1617,5,16,61,123.0
1618,5,16,60,119.0
1619,5,15,59,118.0
1620,1,2,10,21.0
1621,1,3,12,26.0
1622,1,1,4,9.0
1623,1,2,7,15.0
1624,1,1,5,10.0
1625,5,16,61,122.0
1626,5,16,61,121.0
1627,6,17,63,125.0
1628,3,9,37,72.0
1629,2,6,25,49.0
1630,4,12,46,91.0
1631,1,4,19,37.0
1632,2,8,35,68.0
1633,2,6,25,50.0
1634,1,2,9,19.0
1635,5,13,52,100.0
1636,2,7,31,60.0
1637,4,12,45,89.0
1638,2,8,35,69.0
1639,2,6,25,49.0
1640,5,14,55,108.0
1641,5,16,60,119.0
1642,1,4,19,37.0
1643,1,1,5,11.0
1644,3,10,40,78.0
1645,3,10,40,77.0
1646,1,1,1,2.0
1647,2,8,33,64.0
1648,1,4,17,35.0
1649,1,1,3,7.0
1650,3,11,43,85.0
1651,2,8,34,67.0
1652,2,5,21,42.0
1653,5,15,59,118.0
1654,6,17,63,125.0
1655,1,2,11,24.0
1656,2,6,24,46.0
1657,1,2,9,19.0
1658,2,8,35,68.0
1659,5,13,53,102.0
1660,2,5,21,42.0
1661,1,3,15,32.0
1662,5,14,55,109.0
1663,1,4,18,36.0
1664,4,12,49,97.0
1665,6,18,65,131.0
1666,3,9,38,
1667,4,12,49,97.0
1668,5,16,61,123.0
1669,3,9,36,70.0
1670,1,1,6,13.0
1671,2,6,25,49.0
1672,2,7,31,60.0
1673,6,18,65,130.0
1674,1,1,2,5.0
1675,1,3,13,27.0
1676,1,1,4,8.0
1677,2,6,25,50.0
1678,2,8,34,67.0
1679,2,5,22,44.0
1680,6,17,63,125.0
1681,2,7,29,58.0
1682,1,1,2,3.0
1683,3,11,43,86.0
1684,3,9,36,70.0
1685,6,18,65,130.0
1686,1,1,1,2.0
1687,5,13,53,102.0
1688,1,4,17,35.0
1689,5,13,50,98.0
1690,1,3,15,30.0
1691,5,15,59,116.0
1692,1,1,4,8.0
1693,2,5,22,44.0
1694,1,4,18,36.0
1695,3,10,40,77.0
1696,1,3,15,31.0
1697,2,6,24,47.0
1698,2,7,28,55.0
1699,5,14,54,106.0
1700,5,16,61,121.0
1701,2,7,28,55.0
1702,1,1,5,12.0
1703,1,1,2,3.0
1704,1,3,15,30.0
1705,1,2,11,23.0
1706,4,12,46,92.0
1707,5,15,58,115.0
1708,5,14,54,104.0
1709,5,15,59,118.0
1710,1,1,2,5.0
1711,5,14,54,104.0
1712,5,14,55,108.0
1713,2,8,33,65.0
1714,5,16,61,121.0
1715,1,3,15,30.0
1716,3,11,42,84.0
1717,1,3,15,32.0
1718,1,2,8,16.0
1719,1,4,19,38.0
1720,1,4,18,36.0
1721,5,15,57,114.0
1722,2,8,33,66.0
1723,5,14,54,105.0
1724,3,11,43,85.0
1725,1,1,1,2.0
1726,3,10,39,75.0
1727,2,8,34,67.0
1728,2,7,28,55.0
1729,1,1,3,6.0
1730,3,11,43,86.0
1731,2,7,31,60.0
1732,5,13,53,101.0
1733,1,1,5,12.0
1734,2,6,25,49.0
1735,2,5,21,42.0
1736,3,10,41,82.0
1737,1,4,17,35.0
1738,2,8,34,67.0
1739,3,10,41,80.0
1740,1,1,3,7.0
1741,1,1,6,14.0
1742,3,9,38,73.0
1743,2,8,33,66.0
1744,4,12,46,91.0
1745,6,18,65,130.0
1746,1,2,9,20.0
1747,1,1,5,10.0
1748,1,3,12,25.0
1749,1,3,12,25.0
1750,2,6,27,54.0
1751,1,4,16,33.0
1752,4,12,48,95.0
1753,1,1,6,14.0
1754,2,8,33,65.0
1755,5,14,56,110.0
1756,3,10,41,80.0
1757,2,6,27,54.0
1758,6,17,63,125.0
1759,6,18,65,131.0
1760,1,3,12,25.0
1761,5,15,59,117.0
1762,1,3,12,25.0
1763,3,10,40,79.0
1764,2,8,35,68.0
1765,1,1,5,12.0
1766,1,3,15,32.0
1767,6,17,64,128.0
1768,4,12,49,96.0
1769,4,12,46,92.0
1770,1,3,15,31.0
1771,3,10,40,78.0
1772,1,2,9,20.0
1773,2,7,31,60.0
1774,4,12,46,93.0
1775,2,5,21,43.0
1776,6,18,65,130.0
1777,2,7,31,60.0
1778,1,3,15,31.0
1779,1,1,2,5.0
1780,1,1,5,10.0
1781,4,12,45,89.0
1782,6,18,65,130.0
1783,6,17,63,126.0
1784,1,1,5,
1785,2,7,29,56.0
1786,3,11,42,83.0
1787,5,13,51,99.0
1788,3,9,38,73.0
1789,5,15,58,115.0
1790,1,1,3,7.0
1791,3,10,41,80.0
1792,4,12,49,97.0
1793,1,1,2,4.0
1794,1,1,2,4.0
1795,5,13,53,103.0
1796,2,5,20,40.0
1797,1,2,8,17.0
1798,5,13,53,101.0
1799,5,13,53,103.0
1800,5,16,62,124.0
1801,2,6,26,52.0
1802,2,6,26,52.0
1803,5,16,62,124.0
1804,2,8,32,63.0
1805,5,15,59,116.0
1806,2,7,31,62.0
1807,1,1,3,7.0
1808,4,12,46,92.0
1809,1,1,6,14.0
1810,3,11,43,86.0
1811,6,18,66,133.0
1812,6,18,65,130.0
1813,2,7,31,62.0
1814,3,10,40,79.0
1815,2,7,29,58.0
1816,5,16,60,120.0
1817,6,18,66,133.0
1818,2,8,33,65.0
1819,1,1,6,13.0
1820,3,10,41,82.0
1821,2,6,26,52.0
1822,5,15,59,117.0
1823,1,3,12,26.0
1824,1,4,17,34.0
1825,2,6,26,52.0
1826,5,15,57,112.0
1827,3,10,41,82.0
1828,2,5,21,42.0
1829,1,2,10,21.0
1830,2,5,21,42.0
1831,5,15,57,113.0
1832,5,14,54,105.0
1833,1,2,8,17.0
1834,5,16,60,120.0
1835,6,17,64,129.0
1836,6,18,65,130.0
1837,2,7,31,60.0
1838,2,6,25,48.0
1839,1,3,14,29.0
1840,4,12,49,97.0
1841,1,1,5,10.0
1842,2,7,29,58.0
1843,1,2,10,21.0
1844,1,3,14,28.0
1845,1,4,17,34.0
1846,1,1,4,8.0
1847,3,10,40,79.0
1848,3,11,44,87.0
1849,3,11,44,88.0
1850,2,8,35,69.0
1851,3,11,44,87.0
1852,5,13,53,101.0
1853,1,1,4,8.0
1854,3,10,40,77.0
1855,3,11,44,87.0
1856,2,5,21,43.0
1857,6,17,64,129.0
1858,5,14,55,109.0
1859,1,2,8,17.0
1860,6,18,66,133.0
1861,1,2,10,21.0
1862,2,7,29,58.0
1863,5,14,56,110.0
1864,1,3,14,28.0
1865,2,6,26,51.0
1866,1,1,2,5.0
1867,1,1,2,5.0
1868,4,12,47,94.0
1869,4,12,49,96.0
1870,1,1,4,8.0
1871,2,8,33,64.0
1872,1,4,19,38.0
1873,5,14,56,111.0
1874,5,15,57,112.0
1875,3,10,41,81.0
1876,5,14,54,104.0
1877,3,9,38,73.0
1878,2,6,25,49.0
1879,1,4,18,36.0
1880,6,17,63,126.0
1881,2,8,35,68.0
1882,3,10,40,78.0
1883,5,14,54,105.0
1884,5,16,61,122.0
1885,5,16,60,119.0
1886,5,15,57,114.0
1887,1,1,5,10.0
1888,4,12,46,91.0
1889,1,1,1,2.0
1890,5,15,59,118.0
1891,1,1,6,13.0
1892,4,12,48,95.0
1893,1,3,15,32.0
1894,1,3,15,32.0
1895,5,16,62,124.0
1896,1,1,5,11.0
1897,1,1,5,10.0
1898,1,2,7,15.0
1899,1,2,8,17.0
1900,2,7,30,59.0
1901,3,10,40,78.0
1902,5,16,62,124.0
1903,5,15,57,114.0
1904,1,2,10,22.0
1905,1,3,15,32.0
1906,5,15,57,113.0
1907,5,16,60,120.0
1908,5,16,61,122.0
1909,1,3,15,32.0
1910,5,16,60,119.0
1911,2,5,20,39.0
1912,1,1,5,12.0
1913,1,2,8,18.0
1914,6,17,63,126.0
1915,2,6,24,46.0
1916,5,14,54,104.0
1917,3,11,43,86.0
1918,4,12,45,89.0
1919,1,2,10,22.0
1920,4,12,46,92.0
1921,1,3,14,29.0
1922,1,1,6,13.0
1923,1,1,1,2.0
1924,1,3,14,29.0
1925,1,3,13,27.0
1926,2,6,25,50.0
1927,4,12,48,95.0
1928,3,11,44,88.0
1929,2,5,22,44.0
1930,1,2,10,22.0
1931,4,12,49,97.0
1932,1,1,2,3.0
1933,5,15,59,118.0
1934,1,2,9,19.0
1935,1,2,11,23.0
1936,1,3,15,30.0
1937,2,5,20,39.0
1938,5,14,55,108.0
1939,5,14,56,111.0
1940,1,3,12,25.0
1941,6,17,64,128.0
1942,5,14,56,111.0
1943,5,14,54,106.0
1944,3,9,37,72.0
1945,6,17,64,129.0
1946,5,14,55,108.0
1947,1,1,2,5.0
1948,1,1,2,3.0
1949,6,18,66,132.0
1950,5,14,54,104.0
1951,2,8,33,64.0
1952,5,14,54,106.0
1953,5,13,50,98.0
1954,1,1,5,10.0
1955,6,17,64,128.0
1956,2,6,24,46.0
1957,2,8,33,66.0
1958,5,15,57,112.0
1959,1,1,6,13.0
1960,3,11,43,86.0
1961,4,12,45,90.0
1962,2,7,29,58.0
1963,2,6,27,54.0
1964,1,1,5,12.0
1965,1,1,6,14.0
1966,5,16,61,121.0
1967,5,16,61,121.0
1968,1,2,9,20.0
1969,3,10,39,75.0
1970,3,9,36,70.0
1971,2,7,29,56.0
1972,5,13,53,101.0
1973,6,18,66,132.0
1974,5,14,56,111.0
1975,6,17,63,125.0
1976,6,18,66,132.0
1977,1,2,9,20.0
1978,1,2,11,24.0
1979,1,4,19,37.0
1980,2,6,27,54.0
1981,5,13,53,103.0
1982,1,4,19,38.0
1983,1,1,2,4.0
1984,2,7,29,57.0
1985,1,2,9,20.0
1986,1,2,8,17.0
1987,5,16,60,119.0
1988,3,9,36,71.0
1989,1,1,2,4.0
1990,1,1,6,14.0
1991,1,1,2,3.0
1992,3,10,41,80.0
1993,2,7,28,55.0
1994,6,18,66,132.0
1995,5,16,60,120.0
1996,1,2,11,24.0
1997,3,10,41,82.0
1998,2,7,31,60.0
1999,2,6,25,49.0
2000,2,8,32,63.0
2001,5,14,56,110.0
2002,5,14,55,109.0
2003,3,10,39,76.0
2004,1,3,15,30.0
2005,2,7,29,58.0
2006,5,15,59,117.0
2007,5,13,52,100.0
2008,1,2,9,19.0
2009,4,12,47,94.0
2010,5,15,57,113.0
2011,2,8,32,63.0
2012,5,15,59,116.0
2013,5,15,57,113.0
2014,2,6,24,47.0
2015,2,7,29,57.0
2016,5,15,59,118.0
2017,2,5,23,45.0
2018,1,1,2,4.0
2019,2,6,24,47.0
2020,2,6,24,47.0
2021,3,10,40,78.0
2022,5,16,62,124.0
2023,3,10,39,75.0
2024,5,13,53,103.0
2025,4,12,45,90.0
2026,2,8,35,69.0
2027,2,7,31,61.0
2028,2,6,25,50.0
2029,1,1,2,3.0
2030,5,14,55,107.0
2031,5,15,57,113.0
2032,4,12,47,94.0
2033,5,15,59,118.0
2034,3,10,41,81.0
2035,5,14,55,109.0
2036,2,6,26,51.0
2037,1,4,17,35.0
2038,2,6,24,46.0
2039,2,8,35,69.0
2040,4,12,46,93.0
2041,2,8,33,64.0
2042,2,6,25,49.0
2043,3,9,38,74.0
2044,1,1,2,5.0
2045,5,13,52,100.0
2046,3,9,36,70.0
2047,4,12,45,90.0
2048,1,1,2,4.0
2049,6,17,63,126.0
2050,2,5,20,39.0
2051,6,17,64,129.0
2052,1,2,11,24.0
2053,2,7,29,57.0
2054,5,13,52,100.0
2055,3,9,36,70.0
2056,2,5,21,41.0
2057,2,7,31,60.0
2058,5,14,55,108.0
2059,2,7,29,57.0
2060,1,3,15,31.0
2061,3,11,42,84.0
2062,1,4,18,36.0
2063,5,14,55,108.0
2064,5,14,54,106.0
2065,3,11,43,86.0
2066,1,1,6,14.0
2067,5,16,60,120.0
2068,3,10,41,80.0
2069,5,14,54,106.0
2070,3,9,36,70.0
2071,2,5,22,44.0
2072,3,9,38,73.0
2073,2,5,23,45.0
2074,5,14,55,107.0
2075,3,11,42,84.0
2076,3,10,41,82.0
2077,5,14,55,107.0
2078,1,2,10,21.0
2079,1,1,3,7.0
2080,3,9,36,70.0
2081,6,17,64,127.0
2082,5,16,60,120.0
2083,6,17,64,128.0
2084,2,7,29,57.0
2085,2,7,29,58.0
2086,1,2,10,21.0
2087,3,10,41,82.0
2088,2,8,35,69.0
2089,6,18,65,131.0
2090,3,11,44,87.0
2091,2,6,25,49.0
2092,5,15,58,115.0
2093,4,12,45,89.0
2094,3,11,43,85.0
2095,6,17,64,128.0
2096,5,15,59,117.0
2097,6,17,64,
2098,3,9,36,71.0
2099,3,11,43,86.0
2100,1,4,16,33.0
2101,3,10,41,81.0
2102,2,7,31,61.0
2103,2,7,31,61.0
2104,5,13,50,98.0
2105,1,3,14,28.0
2106,2,5,21,43.0
2107,3,11,43,86.0
2108,1,2,8,17.0
2109,5,13,50,98.0
2110,5,13,50,98.0
2111,2,8,33,65.0
2112,3,9,38,74.0
2113,3,11,43,85.0
2114,1,1,2,5.0
2115,1,1,1,2.0
2116,1,2,10,22.0
2117,5,15,57,112.0
2118,2,7,29,57.0
2119,2,8,33,66.0
2120,3,9,38,74.0
2121,5,13,50,98.0
2122,5,15,57,112.0
2123,6,17,63,125.0
2124,3,11,43,86.0
2125,3,10,39,76.0
2126,3,11,44,88.0
2127,1,4,19,38.0
2128,2,7,30,59.0
2129,5,13,51,99.0
2130,2,8,32,63.0
2131,2,6,25,49.0
2132,1,3,15,32.0
2133,1,2,10,21.0
2134,1,2,9,20.0
2135,6,17,64,127.0
2136,2,8,35,68.0
2137,5,14,56,110.0
2138,5,15,59,116.0
2139,5,16,60,120.0
2140,3,10,40,79.0
2141,5,15,59,116.0
2142,4,12,46,92.0
2143,1,1,6,14.0
2144,6,17,63,125.0
2145,2,7,29,58.0
2146,1,3,14,28.0
2147,1,3,12,26.0
2148,5,15,57,113.0
2149,2,8,33,66.0
2150,6,18,65,131.0
2151,2,5,22,44.0
2152,4,12,49,97.0
2153,2,5,21,42.0
2154,1,1,3,6.0
2155,1,2,11,23.0
2156,4,12,45,89.0
2157,5,16,61,123.0
2158,2,6,26,51.0
2159,1,1,5,11.0
2160,1,1,5,12.0
2161,3,9,38,74.0
2162,1,1,4,8.0
2163,2,5,21,41.0
2164,3,11,43,85.0
2165,3,9,37,72.0
2166,2,7,28,55.0
2167,2,6,24,47.0
2168,5,14,54,104.0
2169,2,5,21,42.0
2170,2,7,31,60.0
2171,1,1,5,12.0
2172,6,18,65,130.0
2173,1,1,3,7.0
2174,3,10,41,80.0
2175,6,18,65,131.0
2176,5,14,55,109.0
2177,1,1,2,3.0
2178,1,3,13,27.0
2179,5,15,57,114.0
2180,5,14,55,107.0
2181,2,5,20,40.0
2182,6,17,64,129.0
2183,1,1,4,8.0
2184,5,13,53,101.0
2185,5,16,62,124.0
2186,5,14,55,107.0
2187,5,13,53,101.0
2188,1,1,2,4.0
2189,5,14,56,110.0
2190,1,2,9,19.0
2191,1,3,15,32.0
2192,1,1,5,12.0
2193,2,6,24,46.0
2194,5,16,60,119.0
2195,1,2,8,16.0
2196,6,17,64,129.0
2197,2,8,32,63.0
2198,5,14,55,109.0
2199,5,16,60,119.0
2200,1,2,10,21.0
2201,1,1,6,13.0
2202,1,1,2,4.0
2203,5,13,53,102.0
2204,2,7,30,59.0
2205,6,17,64,128.0
2206,1,3,13,27.0
2207,2,8,35,69.0
2208,1,3,12,25.0
2209,6,18,65,131.0
2210,4,12,49,97.0
2211,1,3,12,25.0
2212,6,17,63,126.0
2213,6,18,66,133.0
2214,1,1,4,9.0
2215,5,15,59,116.0
2216,2,7,31,60.0
2217,5,16,61,121.0
2218,5,14,55,108.0
2219,5,14,55,108.0
2220,6,18,65,131.0
2221,3,10,39,76.0
2222,1,3,15,30.0
2223,1,2,10,21.0
2224,1,4,17,34.0
2225,2,5,21,41.0
2226,2,6,26,51.0
2227,3,10,41,82.0
2228,2,7,29,58.0
2229,3,10,39,75.0
2230,1,2,11,23.0
2231,6,17,64,128.0
2232,1,2,8,17.0
2233,2,8,35,69.0
2234,5,14,55,108.0
2235,4,12,47,94.0
2236,1,2,7,15.0
2237,4,12,46,91.0
2238,1,4,16,33.0
2239,6,17,63,125.0
2240,1,2,8,16.0
2241,2,8,33,66.0
2242,2,6,24,47.0
2243,5,16,62,124.0
2244,1,1,1,1.0
2245,3,11,44,87.0
2246,6,17,64,128.0
2247,2,8,34,67.0
2248,1,1,2,4.0
2249,2,6,24,47.0
2250,1,4,19,38.0
2251,1,2,10,21.0
2252,2,7,29,57.0
2253,5,15,59,117.0
2254,2,6,24,46.0
2255,2,5,20,39.0
2256,5,13,51,99.0
2257,3,10,40,77.0
2258,5,15,58,115.0
2259,4,12,46,91.0
2260,5,13,50,
2261,5,16,60,120.0
2262,2,6,24,46.0
2263,1,4,19,38.0
2264,5,13,52,100.0
2265,3,9,37,72.0
2266,1,4,17,35.0
2267,1,3,15,30.0
2268,3,10,40,78.0
2269,3,11,42,84.0
2270,5,15,57,113.0
2271,1,3,12,25.0
2272,3,11,44,88.0
2273,1,1,6,14.0
2274,5,13,53,102.0
2275,3,11,42,83.0
2276,5,14,56,110.0
2277,6,18,65,131.0
2278,1,2,9,19.0
2279,1,3,14,28.0
2280,3,9,36,71.0
2281,2,8,32,63.0
2282,3,9,38,73.0
2283,5,16,62,124.0
2284,5,16,60,119.0
2285,5,16,61,121.0
2286,1,2,9,19.0
2287,5,16,60,120.0
2288,2,7,31,61.0
2289,1,3,15,30.0
2290,1,1,4,9.0
2291,2,8,33,64.0
2292,5,16,60,
2293,2,6,26,52.0
2294,4,12,45,89.0
2295,2,6,26,53.0
2296,3,10,40,78.0
2297,2,5,21,41.0
2298,2,8,35,68.0
2299,1,1,4,8.0
2300,1,1,1,2.0
2301,5,14,54,105.0
2302,6,17,63,125.0
2303,5,14,56,110.0
2304,3,11,43,86.0
2305,5,16,60,120.0
2306,6,17,64,127.0
2307,1,2,8,16.0
2308,2,7,31,62.0
2309,5,15,57,113.0
2310,1,1,5,12.0
2311,1,4,17,35.0
2312,1,1,5,11.0
2313,2,8,33,64.0
2314,2,6,25,50.0
2315,2,8,35,69.0
2316,2,6,25,48.0
2317,1,2,9,20.0
2318,5,13,53,101.0
2319,2,8,35,68.0
2320,1,4,17,35.0
2321,2,8,33,65.0
2322,1,1,4,8.0
2323,2,5,23,45.0
2324,3,11,44,87.0
2325,3,10,39,76.0
2326,3,10,39,76.0
2327,2,6,24,47.0
2328,1,2,7,15.0
2329,5,14,54,105.0
2330,1,3,12,26.0
2331,2,6,26,52.0
2332,4,12,46,93.0
2333,1,2,10,21.0
2334,2,6,26,51.0
2335,1,4,19,38.0
2336,1,2,9,20.0
2337,6,18,66,132.0
2338,2,7,28,55.0
2339,4,12,46,92.0
2340,1,3,14,28.0
2341,1,1,2,4.0
2342,3,10,39,76.0
2343,2,8,34,67.0
2344,3,11,43,86.0
2345,4,12,46,91.0
2346,5,14,54,105.0
2347,1,1,1,1.0
2348,3,9,37,72.0
2349,3,11,44,87.0
2350,1,1,3,6.0
2351,2,7,31,61.0
2352,1,1,5,12.0
2353,1,1,3,6.0
2354,1,3,13,27.0
2355,5,16,62,124.0
2356,5,14,54,106.0
2357,4,12,46,
2358,5,14,55,109.0
2359,5,13,51,99.0
2360,1,4,17,35.0
2361,3,11,42,84.0
2362,2,7,29,56.0
2363,2,6,25,49.0
2364,2,6,24,46.0
2365,5,15,57,113.0
2366,2,5,21,43.0
2367,5,16,62,124.0
2368,4,12,49,97.0
2369,4,12,45,90.0
2370,2,5,20,39.0
2371,3,11,43,85.0
2372,2,7,31,62.0
2373,5,14,54,106.0
2374,5,14,55,107.0
2375,2,6,27,54.0
2376,6,17,63,126.0
2377,1,1,4,9.0
2378,3,11,44,88.0
2379,1,4,19,37.0
2380,2,6,25,49.0
2381,2,5,21,41.0
2382,1,2,8,17.0
2383,3,11,44,88.0
2384,1,2,10,21.0
2385,2,6,26,51.0
2386,2,7,30,59.0
2387,2,5,21,41.0
2388,2,5,20,39.0
2389,1,1,5,11.0
2390,3,10,40,77.0
2391,6,17,64,127.0
2392,2,6,24,46.0
2393,2,5,23,45.0
2394,1,1,1,1.0
2395,5,14,55,108.0
2396,1,2,9,19.0
2397,3,10,39,76.0
2398,3,9,37,72.0
2399,5,14,55,109.0
2400,1,1,5,12.0
2401,2,5,23,45.0
2402,4,12,45,90.0
2403,5,13,53,103.0
2404,1,1,4,8.0
2405,4,12,46,91.0
2406,3,11,44,87.0
2407,3,11,42,84.0
2408,3,10,41,82.0
2409,2,8,35,68.0
2410,6,17,64,127.0
2411,3,10,41,82.0
2412,3,11,42,84.0
2413,5,15,57,113.0
2414,3,10,39,76.0
2415,5,16,61,122.0
2416,2,5,21,41.0
2417,1,1,1,2.0
2418,1,3,14,29.0
2419,5,14,54,105.0
2420,2,6,26,51.0
2421,3,10,39,75.0
2422,1,1,5,10.0
2423,2,6,26,51.0
2424,5,15,59,118.0
2425,5,16,61,121.0
2426,2,5,20,39.0
2427,1,3,14,28.0
2428,1,1,2,3.0
2429,3,11,42,84.0
2430,5,15,59,117.0
2431,1,1,1,2.0
2432,4,12,46,93.0
2433,6,18,65,131.0
2434,4,12,47,94.0
2435,2,5,20,40.0
2436,1,1,1,2.0
2437,3,10,41,81.0
2438,1,1,5,12.0
2439,2,8,33,65.0
2440,2,7,28,55.0
2441,2,5,23,45.0
2442,5,13,53,101.0
2443,2,7,31,62.0
2444,2,6,25,49.0
2445,6,17,64,127.0
2446,1,2,11,23.0
2447,1,4,19,38.0
2448,1,3,14,28.0
2449,1,2,10,21.0
2450,5,14,55,107.0
2451,5,13,51,99.0
2452,5,16,60,119.0
2453,3,9,38,73.0
2454,5,16,61,122.0
2455,1,3,15,30.0
2456,5,14,55,108.0
2457,5,13,50,98.0
2458,1,3,15,32.0
2459,3,10,40,79.0
2460,2,5,21,41.0
2461,2,8,32,63.0
2462,1,2,11,23.0
2463,5,14,54,104.0
2464,3,10,39,75.0
2465,2,6,25,48.0
2466,2,7,29,57.0
2467,5,15,59,118.0
2468,5,13,52,100.0
2469,5,16,62,124.0
2470,1,4,17,34.0
2471,1,1,3,7.0
2472,2,7,29,56.0
2473,2,8,33,65.0
2474,2,6,24,47.0
2475,1,2,9,19.0
2476,6,17,63,126.0
2477,2,6,25,
2478,5,15,57,113.0
2479,1,4,19,38.0
2480,2,8,33,64.0
2481,2,8,35,69.0
2482,5,15,59,116.0
2483,2,8,33,65.0
2484,1,3,15,31.0
2485,6,18,66,132.0
2486,5,15,57,113.0
2487,5,14,55,109.0
2488,2,8,35,69.0
2489,5,16,60,120.0
2490,3,11,44,88.0
2491,2,8,34,67.0
2492,3,10,39,75.0
2493,2,5,23,45.0
2494,1,1,2,4.0
2495,5,14,55,107.0
2496,2,6,26,51.0
2497,2,6,25,50.0
2498,1,1,3,6.0
2499,2,7,30,59.0
2500,6,17,63,125.0
2501,1,3,15,30.0
2502,5,16,61,122.0
2503,6,17,63,125.0
2504,1,4,19,37.0
2505,5,16,62,124.0
2506,5,13,53,101.0
2507,1,4,17,35.0
2508,3,11,44,87.0
2509,1,2,8,18.0
2510,5,15,57,113.0
2511,1,3,14,29.0
2512,3,10,40,77.0
2513,2,7,30,59.0
2514,6,17,63,126.0
2515,5,14,55,109.0
2516,1,2,10,22.0
2517,2,8,35,68.0
2518,2,8,35,69.0
2519,2,6,25,49.0
2520,5,14,55,109.0
2521,3,11,43,86.0
2522,2,6,26,53.0
2523,5,16,61,
2524,3,11,44,87.0
2525,6,18,65,131.0
2526,2,5,21,42.0
2527,5,13,50,98.0
2528,5,14,55,109.0
2529,2,6,26,51.0
2530,3,11,43,85.0
2531,6,17,64,127.0
2532,1,2,10,21.0
2533,2,5,22,44.0
2534,5,13,53,103.0
2535,2,8,35,68.0
2536,6,17,64,129.0
2537,4,12,46,92.0
2538,1,2,11,24.0
2539,6,17,63,125.0
2540,5,14,56,111.0
2541,5,13,50,98.0
2542,1,2,8,17.0
2543,5,13,51,99.0
2544,3,10,41,82.0
2545,5,14,54,104.0
2546,1,2,9,19.0
2547,3,11,43,85.0
2548,1,1,4,8.0
2549,1,3,14,28.0
2550,1,1,2,5.0
2551,5,13,53,101.0
2552,5,15,59,118.0
2553,2,8,33,64.0
2554,4,12,46,91.0
2555,5,15,59,117.0
2556,5,13,50,98.0
2557,1,1,5,11.0
2558,2,6,27,54.0
2559,2,6,24,47.0
2560,1,1,2,5.0
2561,1,2,9,20.0
2562,2,6,24,46.0
2563,1,1,5,12.0
2564,3,9,36,70.0
2565,1,2,8,17.0
2566,5,15,58,115.0
2567,2,6,25,48.0
2568,5,14,55,108.0
2569,2,6,26,52.0
2570,4,12,49,96.0
2571,3,9,36,70.0
2572,5,13,53,102.0
2573,3,10,39,75.0
2574,3,10,41,82.0
2575,4,12,46,92.0
2576,1,1,2,4.0
2577,5,14,55,109.0
2578,2,6,25,48.0
2579,3,9,38,73.0
2580,3,9,37,72.0
2581,5,15,59,116.0
2582,3,10,41,81.0
2583,3,10,41,81.0
2584,5,15,57,113.0
2585,4,12,49,96.0
2586,3,9,37,72.0
2587,2,8,32,63.0
2588,1,4,19,38.0
2589,2,8,34,67.0
2590,2,8,35,69.0
2591,1,1,6,13.0
2592,1,3,15,31.0
2593,5,15,57,114.0
2594,1,2,10,22.0
2595,4,12,46,93.0
2596,2,8,34,67.0
2597,2,6,27,54.0
2598,2,5,21,42.0
2599,2,8,33,64.0
2600,6,17,63,126.0
2601,1,2,10,21.0
2602,1,4,17,35.0
2603,1,3,15,30.0
2604,2,7,29,57.0
2605,2,6,24,47.0
2606,1,2,9,19.0
2607,5,15,57,114.0
2608,1,1,4,8.0
2609,1,3,12,26.0
2610,5,15,57,113.0
2611,3,9,36,71.0
2612,1,3,15,30.0
2613,2,8,34,67.0
2614,2,8,33,65.0
2615,1,4,18,36.0
2616,1,3,12,25.0
2617,1,4,19,37.0
2618,1,1,1,1.0
2619,1,4,19,37.0
2620,6,18,66,133.0
2621,6,17,64,128.0
2622,6,17,64,127.0
2623,1,1,1,1.0
2624,1,4,17,35.0
2625,5,14,54,104.0
2626,1,2,11,23.0
2627,1,1,4,9.0
2628,1,4,17,34.0
2629,6,17,64,128.0
2630,1,1,2,4.0
2631,5,13,53,102.0
2632,3,10,39,75.0
2633,5,13,51,99.0
2634,3,9,37,72.0
2635,1,1,2,3.0
2636,1,4,17,34.0
2637,2,5,23,45.0
2638,2,7,31,61.0
2639,3,11,42,83.0
2640,5,16,61,123.0
2641,5,13,53,102.0
2642,1,2,8,16.0
2643,2,8,33,66.0
2644,5,16,60,119.0
2645,5,16,62,124.0
2646,5,13,53,102.0
2647,2,8,33,66.0
2648,1,1,6,13.0
2649,5,14,56,111.0
2650,1,4,17,34.0
2651,2,5,20,39.0
2652,5,16,60,120.0
2653,6,17,63,126.0
2654,2,7,28,55.0
2655,1,3,13,27.0
2656,5,15,59,118.0
2657,2,6,26,53.0
2658,2,5,20,39.0
2659,2,8,33,65.0
2660,1,1,6,13.0
2661,1,2,10,21.0
2662,2,6,26,53.0
2663,1,2,9,19.0
2664,2,7,29,57.0
2665,1,3,12,25.0
2666,1,3,15,31.0
2667,3,10,41,81.0
2668,1,2,11,23.0
2669,1,3,15,32.0
2670,3,9,38,74.0
2671,1,1,5,10.0
2672,2,6,27,54.0
2673,2,6,26,52.0
2674,5,15,57,114.0
2675,1,1,6,14.0
2676,5,14,56,110.0
2677,2,6,26,53.0
2678,3,10,40,79.0
2679,1,2,10,22.0
2680,1,3,15,30.0
2681,1,1,2,4.0
2682,2,7,30,59.0
2683,1,1,4,8.0
2684,1,1,5,12.0
2685,5,16,60,119.0
2686,1,4,17,34.0
2687,3,10,41,82.0
2688,5,13,50,98.0
2689,6,17,64,127.0
2690,3,10,39,75.0
2691,5,14,54,105.0
2692,2,6,25,49.0
2693,3,10,40,79.0
2694,4,12,46,
2695,1,2,8,18.0
2696,4,12,49,96.0
2697,1,4,19,38.0
2698,3,11,44,87.0
2699,3,11,44,88.0
2700,2,6,25,50.0
2701,1,1,4,8.0
2702,2,8,35,69.0
2703,5,16,61,121.0
2704,2,8,33,64.0
2705,5,16,61,121.0
2706,2,8,33,65.0
2707,5,14,55,107.0
2708,5,13,52,100.0
2709,3,10,41,82.0
2710,2,6,26,51.0
2711,3,11,42,83.0
2712,5,15,57,112.0
2713,2,7,29,56.0
2714,2,7,31,60.0
2715,5,16,60,
2716,1,2,11,23.0
2717,1,1,6,13.0
2718,5,13,53,101.0
2719,1,2,11,24.0
2720,5,14,55,108.0
2721,1,1,5,11.0
2722,1,2,8,17.0
2723,1,3,12,25.0
2724,4,12,47,94.0
2725,1,2,10,21.0
2726,3,11,42,84.0
2727,1,4,19,37.0
2728,2,5,21,42.0
2729,5,13,53,101.0
2730,2,6,25,48.0
2731,5,13,53,103.0
2732,1,3,14,28.0
2733,2,5,21,41.0
2734,5,13,51,99.0
2735,2,6,24,47.0
2736,5,14,54,105.0
2737,5,16,62,124.0
2738,1,1,6,13.0
2739,5,13,52,100.0
2740,1,3,15,31.0
2741,6,18,65,130.0
2742,1,2,8,16.0
2743,3,9,38,73.0
2744,2,6,27,54.0
2745,5,13,52,100.0
2746,5,14,55,109.0
2747,3,11,44,87.0
2748,1,1,4,8.0
2749,1,1,3,7.0
2750,1,4,18,36.0
2751,1,2,8,18.0
2752,1,1,2,3.0
2753,1,3,14,28.0
2754,3,9,36,70.0
2755,1,3,14,28.0
2756,2,6,27,54.0
2757,2,8,33,65.0
2758,5,13,52,100.0
2759,1,2,10,21.0
2760,1,1,6,13.0
2761,2,7,29,57.0
2762,2,6,25,
2763,5,15,59,118.0
2764,2,6,27,54.0
2765,2,6,26,53.0
2766,2,5,22,44.0
2767,2,6,24,47.0
2768,2,6,26,53.0
2769,3,9,38,74.0
2770,2,6,24,46.0
2771,1,1,6,13.0
2772,5,13,53,102.0
2773,1,2,11,24.0
2774,1,1,1,2.0
2775,3,10,41,81.0
2776,5,13,52,100.0
2777,6,18,65,131.0
2778,5,14,56,111.0
2779,5,13,53,102.0
2780,1,2,8,17.0
2781,1,1,5,12.0
2782,5,15,59,116.0
2783,1,2,11,24.0
2784,1,3,14,29.0
2785,5,16,61,122.0
2786,4,12,45,90.0
2787,2,8,33,65.0
2788,3,11,42,84.0
2789,5,16,60,119.0
2790,1,2,8,16.0
2791,5,14,54,104.0
2792,4,12,46,92.0
2793,1,3,13,27.0
2794,1,4,16,33.0
2795,2,7,28,55.0
2796,1,1,3,7.0
2797,2,7,29,57.0
2798,6,17,63,126.0
2799,1,1,5,12.0
2800,1,2,8,16.0
2801,2,5,21,43.0
2802,5,15,59,117.0
2803,5,14,56,111.0
2804,2,6,26,51.0
2805,3,10,39,75.0
2806,1,1,4,8.0
2807,2,5,23,45.0
2808,2,7,30,59.0
2809,6,18,66,132.0
2810,5,14,54,104.0
2811,5,13,50,98.0
2812,3,10,40,79.0
2813,5,16,62,124.0
2814,1,1,2,4.0
2815,4,12,45,90.0
2816,5,14,54,104.0
2817,5,16,60,119.0
2818,6,18,66,133.0
2819,2,7,29,56.0
2820,4,12,49,96.0
2821,3,10,39,75.0
2822,1,3,15,32.0
2823,1,3,14,28.0
2824,1,2,10,22.0
2825,1,2,8,17.0
2826,2,7,30,59.0
2827,4,12,45,90.0
2828,5,14,54,106.0
2829,1,3,12,26.0
2830,1,3,12,25.0
2831,2,5,23,45.0
2832,3,11,42,83.0
2833,1,1,5,11.0
2834,5,14,54,104.0
2835,2,8,35,68.0
2836,4,12,48,95.0
2837,2,8,33,65.0
2838,2,6,25,49.0
2839,2,6,26,52.0
2840,5,13,53,102.0
2841,2,7,29,57.0
2842,2,6,24,47.0
2843,1,3,12,26.0
2844,5,15,57,114.0
2845,1,1,2,5.0
2846,3,11,42,84.0
2847,2,6,26,52.0
2848,5,14,54,105.0
2849,2,6,27,54.0
2850,1,2,7,15.0
2851,2,7,31,61.0
2852,5,16,61,122.0
2853,1,2,10,21.0
2854,2,6,24,46.0
2855,1,4,19,38.0
2856,2,7,31,62.0
2857,3,11,43,86.0
2858,3,10,40,78.0
2859,2,6,24,46.0
2860,1,1,2,3.0
2861,1,1,3,6.0
2862,4,12,46,93.0
2863,1,1,4,8.0
2864,5,14,55,108.0
2865,3,10,39,75.0
2866,3,10,40,77.0
2867,2,6,25,50.0
2868,1,1,5,11.0
2869,4,12,48,95.0
2870,3,9,36,70.0
2871,1,2,8,16.0
2872,2,8,35,68.0
2873,5,13,51,99.0
2874,2,6,25,48.0
2875,2,8,33,64.0
2876,4,12,45,90.0
2877,3,10,39,76.0
2878,5,13,53,101.0
2879,4,12,45,89.0
2880,1,2,8,18.0
2881,1,2,9,19.0
2882,2,7,28,55.0
2883,5,13,53,102.0
2884,5,15,59,118.0
2885,1,1,2,4.0
2886,5,14,55,108.0
2887,5,15,58,115.0
2888,1,3,14,29.0
2889,2,7,30,59.0
2890,6,17,63,125.0
2891,5,13,50,98.0
2892,1,2,8,17.0
2893,5,14,55,107.0
2894,2,5,21,43.0
2895,3,10,41,80.0
2896,1,1,4,8.0
2897,5,14,54,106.0
2898,1,1,4,8.0
2899,4,12,49,96.0
2900,4,12,47,94.0
2901,2,8,33,65.0
2902,2,5,20,39.0
2903,3,10,41,81.0
2904,3,11,42,84.0
2905,3,11,44,88.0
2906,3,11,43,86.0
2907,4,12,46,93.0
2908,3,11,43,86.0
2909,2,5,22,44.0
2910,3,9,38,74.0
2911,1,4,18,36.0
2912,5,13,53,101.0
2913,5,14,54,104.0
2914,2,8,33,66.0
2915,2,7,28,55.0
2916,4,12,46,91.0
2917,1,2,10,22.0
2918,5,13,53,101.0
2919,5,16,61,121.0
2920,4,12,46,93.0
2921,5,14,55,108.0
2922,1,1,5,10.0
2923,1,1,4,9.0
2924,1,4,17,34.0
2925,6,17,64,129.0
2926,4,12,45,89.0
2927,4,12,46,93.0
2928,3,9,36,71.0
2929,2,8,34,67.0
2930,5,15,59,117.0
2931,4,12,47,94.0
2932,5,13,51,99.0
2933,5,15,57,113.0
2934,5,13,53,103.0
2935,4,12,46,91.0
2936,4,12,45,90.0
2937,1,2,8,17.0
2938,1,2,8,18.0
2939,5,15,59,116.0
2940,4,12,46,93.0
2941,4,12,46,91.0
2942,3,10,41,82.0
2943,2,8,35,68.0
2944,5,15,57,114.0
2945,1,1,1,1.0
2946,2,7,29,58.0
2947,5,14,55,109.0
2948,5,15,59,116.0
2949,3,11,44,87.0
2950,1,1,5,10.0
2951,2,7,30,59.0
2952,2,5,21,41.0
2953,5,14,54,105.0
2954,6,18,66,133.0
2955,5,16,61,122.0
2956,1,2,10,22.0
2957,5,13,50,98.0
2958,2,8,35,68.0
2959,2,7,29,56.0
2960,5,13,51,99.0
2961,3,10,39,76.0
2962,1,3,12,26.0
2963,5,15,58,115.0
2964,5,14,55,109.0
2965,2,6,24,47.0
2966,3,9,36,71.0
2967,2,5,20,40.0
2968,6,18,66,133.0
2969,6,18,66,132.0
2970,1,2,11,
2971,5,14,54,106.0
2972,3,11,42,84.0
2973,5,15,59,116.0
2974,5,14,55,109.0
2975,2,5,21,41.0
2976,5,15,57,112.0
2977,5,15,57,112.0
2978,5,13,53,103.0
2979,2,6,24,46.0
2980,2,8,35,68.0
2981,5,16,61,122.0
2982,1,2,7,15.0
2983,6,17,64,129.0
2984,5,14,56,111.0
2985,1,2,11,24.0
2986,1,3,13,27.0
2987,2,5,20,40.0
2988,1,2,11,24.0
2989,1,2,11,24.0
2990,1,1,2,4.0
2991,2,8,34,67.0
2992,1,4,17,34.0
2993,5,15,59,116.0
2994,1,2,11,23.0
2995,5,14,55,109.0
2996,2,8,35,69.0
2997,4,12,48,95.0
2998,2,7,31,62.0
2999,2,7,29,57.0
3000,2,6,27,54.0
